phase,start_date,end_date,project,organization,source_url
Summer Phase IV,08-10-2018,05-11-2018,Monitoring of Arctic clouds precipitation,ESSO-NCAOR,https://www.ncpor.res.in/arctics/display/391-projects-implemented
Summer Phase IV,08-10-2018,05-11-2018,"Long Term Environmental Monitoring of Fjord Ecosystems, Ny-Ålesund",M.G. University,https://www.ncpor.res.in/arctics/display/391-projects-implemented
Summer Phase IV,08-10-2018,05-11-2018,Bacterial community dynamics in Arctic ecosystem,ESSO-NCAOR,https://www.ncpor.res.in/arctics/display/391-projects-implemented
Summer Phase IV,08-10-2018,05-11-2018,Detection of high Z cosmic rays (HZE) at Arctic region and their effects.,NIT-Kurukshetra,https://www.ncpor.res.in/arctics/display/391-projects-implemented
Summer Phase IV,08-10-2018,05-11-2018,"Survival of mesophilic health significant bacteria in the fjord sediment, water and nearby tundra and role of mesophilic intruders in the dissemination of antibiotic resistant genes in the Arctic environment.",CUSAT,https://www.ncpor.res.in/arctics/display/391-projects-implemented
Summer Phase III,06-09-2017,04-10-2018,"Ice dynamics of the glaciers from Broggerbreen Peninsula based on the glaciological studies on VestreBroggerbreen Glaciers, Svalbard, Arctic.",GSI,https://www.ncpor.res.in/arctics/display/391-projects-implemented
Summer Phase III,06-09-2017,04-10-2018,"Mass balance and dynamics of selected glaciers of Spitsbergen, Svalbard.","JNU, ESSO-NCAOR",https://www.ncpor.res.in/arctics/display/391-projects-implemented
Summer Phase III,06-09-2017,04-10-2018,Bacterial community dynamics in Arctic ecosystem,ESSO-NCAOR,https://www.ncpor.res.in/arctics/display/391-projects-implemented
Summer Phase III,06-09-2017,04-10-2018,Long-term monitoring of Kongsfjorden system of Arctic region for climate change studies.,ESSO-NCAOR,https://www.ncpor.res.in/arctics/display/391-projects-implemented
Summer Phase II,02-08-2018,03-09-2018,Long-term monitoring of Kongsfjorden system of Arctic region for climate change studies.,ESSO-NCAOR,https://www.ncpor.res.in/arctics/display/391-projects-implemented
Summer Phase II,02-08-2018,03-09-2018,Characterization of Polar Aerosols: Source processes and climate impacts,SPL,https://www.ncpor.res.in/arctics/display/391-projects-implemented
Summer Phase II,02-08-2018,03-09-2018,Primary productivity and bio-optical studies for understanding dynamics of Kongsfjorden and Krossfjorden during summer.,"ESSO-NCAOR, NRSC",https://www.ncpor.res.in/arctics/display/391-projects-implemented
Summer Phase II,02-08-2018,03-09-2018,Plankton ecology and food web dynamics.,CMLRE,https://www.ncpor.res.in/arctics/display/391-projects-implemented
Summer Phase II,02-08-2018,03-09-2018,"Palaeoenvironmental reconstructions of the Late Pleistocene deposits of (Northwestern) Spitsbergen, Svalbard- constraints from benthic foraminiferal records.",Jadavpur University,https://www.ncpor.res.in/arctics/display/391-projects-implemented
Summer Phase II,02-08-2018,03-09-2018,"Characterising permafrost degradation in Svalbard: Aerosols, GHGs and Freeze-Thaw Dynamics and its impacts on ecosystem",NRSC-IITKanpur,https://www.ncpor.res.in/arctics/display/391-projects-implemented
Summer Phase I,28-06-2018,30-07-2018,"Long Term Environmental Monitoring of Fjord Ecosystems, Ny-Ålesund",M.G. University,https://www.ncpor.res.in/arctics/display/391-projects-implemented
Summer Phase I,28-06-2018,30-07-2018,Long term monitoring programme on Vertical Migration of Zooplankton and their role in the biogeochemistry of Kongsfjorden.,ZSI,https://www.ncpor.res.in/arctics/display/391-projects-implemented
Summer Phase I,28-06-2018,30-07-2018,Organic Matter Characterization from Arctic Fjord Sediments- Humic substances and their role in metal binding,KUFOS,https://www.ncpor.res.in/arctics/display/391-projects-implemented
Summer Phase I,28-06-2018,30-07-2018,Functional importance and responses of meiofauna to environmental gradients in the Arctic fjord.,CUSAT,https://www.ncpor.res.in/arctics/display/391-projects-implemented
Summer Phase I,28-06-2018,30-07-2018,Biogeochemistry of radiatively important gases in the pelagic realms of Arctic fjords (Kongsfjorden) with relation to hydrodynamics and ecosystem functioning,ESSO-NCAOR,https://www.ncpor.res.in/arctics/display/391-projects-implemented
Summer Phase I,28-06-2018,30-07-2018,Studies on the measurement of Ultraviolet-B radiations and its impact on U.V. absorbing pigments in plant species growing in Ny-Ålesund.,Avadh University,https://www.ncpor.res.in/arctics/display/391-projects-implemented
Summer Phase IV,02-10-2017,03-11-2017,Monitoring of Arctic clouds precipitation,ESSO-NCAOR,https://www.ncpor.res.in/arctics/display/391-projects-implemented
Summer Phase IV,02-10-2017,03-11-2017,"Long Term Environmental Monitoring of Fjord Ecosystems, Ny-Ålesund",M.G. University,https://www.ncpor.res.in/arctics/display/391-projects-implemented
Summer Phase IV,02-10-2017,03-11-2017,"Benthic studies of Kongsfjorden, west coast of Spitsbergen, Svalbard",Pondicherry University,https://www.ncpor.res.in/arctics/display/391-projects-implemented
Summer Phase IV,02-10-2017,03-11-2017,Organic matter characterization from Arctic fjord sediments.,KUFOS,https://www.ncpor.res.in/arctics/display/391-projects-implemented
Summer Phase IV,02-10-2017,03-11-2017,Long-term monitoring of Kongsfjorden system of Arctic region for climate change studies.,ESSO-NCAOR,https://www.ncpor.res.in/arctics/display/391-projects-implemented
Summer Phase III,24-08-2017,1-10-2017,"A) Late quaternary palaeoclimatic interpretation of clay minerals in sediments of Ny-Ålesund area, Svalbard, Arctic. B) Integrated monitoring of Vestre Broggerbreen glacier , Ny-Ålesund, Svalbard, Arctic",GSI,https://www.ncpor.res.in/arctics/display/391-projects-implemented
Summer Phase III,24-08-2017,1-10-2017,"Mass balance and dynamics of selected glaciers of Spitsbergen, Svalbard.","JNU, IIT Bombay",https://www.ncpor.res.in/arctics/display/391-projects-implemented
Summer Phase III,24-08-2017,1-10-2017,Bacterial community dynamics in Arctic ecosystem,ESSO-NCAOR,https://www.ncpor.res.in/arctics/display/391-projects-implemented
Summer Phase II,14-07-2017,03-08-2017,"Long Term Environmental Monitoring of Fjord Ecosystems, Ny-Ålesund.",M.G.University,https://www.ncpor.res.in/arctics/display/391-projects-implemented
Summer Phase II,14-07-2017,03-08-2017,Role of aerosols and precursor gases in direct radiative forcing over Arctic region at Ny-Ålesund,IITM,https://www.ncpor.res.in/arctics/display/391-projects-implemented
Summer Phase II,14-07-2017,03-08-2017,Ecology and functional diversity of Meiofauna in selected Arctic fjords.,CUSAT,https://www.ncpor.res.in/arctics/display/391-projects-implemented
Summer Phase II,14-07-2017,03-08-2017,Functional diversity of Heterotrophic Bacteria in the water column and surfcial sediments of Kongsfjord with special reference to those involved in carbon cycle.,CUSAT,https://www.ncpor.res.in/arctics/display/391-projects-implemented
Summer Phase II,14-07-2017,03-08-2017,Chronological characterization of microbial diversity and physic-chemical parameters of sediment cores of the Arctic fjords. (Kongsfjorden).,ESSO-NCAOR,https://www.ncpor.res.in/arctics/display/391-projects-implemented
Summer Phase II,14-07-2017,03-08-2017,"Observations of the ocean surface currents, winds and waves in Polar Regions (Ny-Ålesund, Arctic Ocean) to gain knowledge of local climate change",ESSO-NCAOR,https://www.ncpor.res.in/arctics/display/391-projects-implemented
Summer Phase I,12-06-2017,14-07-2017,Monitoring of Arctic clouds precipitation,ESSO-NCAOR,https://www.ncpor.res.in/arctics/display/391-projects-implemented
Summer Phase I,12-06-2017,14-07-2017,"Long Term Environmental Monitoring of Fjord Ecosystems, Ny-Ålesund",M.G. University,https://www.ncpor.res.in/arctics/display/391-projects-implemented
Summer Phase I,12-06-2017,14-07-2017,"Benthic studies of Kongsfjorden, west coast of Spitsbergen, Svalbard",Ravenshaw University,https://www.ncpor.res.in/arctics/display/391-projects-implemented
Summer Phase I,12-06-2017,14-07-2017,Organic matter characterization from Arctic fjord sediments.,KUFOS,https://www.ncpor.res.in/arctics/display/391-projects-implemented
Summer Phase I,12-06-2017,14-07-2017,Vertical Migration of Zooplankton and their role in thebiogeochemistry of Kongsfjorden.,ZSI,https://www.ncpor.res.in/arctics/display/391-projects-implemented
Summer Phase I,12-06-2017,14-07-2017,Investigation of cyanobacterial communities in microhabitats in Kongsfjorden with reference to water fluctuation and quality,NCCS,https://www.ncpor.res.in/arctics/display/391-projects-implemented
Winter Phase,24-03-2017,27-04-2017,"Mass balance and dynamics of selected glaciers of Spitsbergen, Svalbard","ESSO-NCAOR, IIG and JNU",https://www.ncpor.res.in/arctics/display/391-projects-implemented
Winter Phase,24-03-2017,27-04-2017,Monitoring of Arctic precipitation,ESSO-NCAOR,https://www.ncpor.res.in/arctics/display/391-projects-implemented
Winter Phase,24-03-2017,27-04-2017,Investigations of atmospheric aerosols and there characterization over the Arctic during summer season,SPL,https://www.ncpor.res.in/arctics/display/391-projects-implemented
Winter Phase,24-03-2017,27-04-2017,"Integrated monitoring of Vestre Broggerbreen Glacier, Svalbard, Arctic",GSI,https://www.ncpor.res.in/arctics/display/391-projects-implemented
Summer Phase IV,29-09-2016,31-10-2016,Long term monitoring of Kongsfjorden system of Arctic region for climate change studies,ESSO-NCAOR,https://www.ncpor.res.in/arctics/display/391-projects-implemented
Summer Phase IV,29-09-2016,31-10-2016,Functional diversity of Heterotrophic Bacteria in the water column and surfacial sediments of Kongsfjord with special reference to those involved in carbon cycle,CUSAT,https://www.ncpor.res.in/arctics/display/391-projects-implemented
Summer Phase IV,29-09-2016,31-10-2016,"Mass balance and dynamics of selected glaciers of Spitsbergen, Svalbard.",IIG,https://www.ncpor.res.in/arctics/display/391-projects-implemented
Summer Phase IV,29-09-2016,31-10-2016,"Long Term Environmental Monitoring of Fjord Ecosystems, Ny-Ålesund.",Mahatma Gandhi University,https://www.ncpor.res.in/arctics/display/391-projects-implemented
Summer Phase IV,29-09-2016,31-10-2016,Study of Zooplankton ecology and Planktonic food web dynamics in Kongsfjorden (using in-situ and satellite oceanography Techniques).,CMRE,https://www.ncpor.res.in/arctics/display/391-projects-implemented
Summer Phase III,25-08-2016,26-09-2016,"Mass balance and dynamics of selected glaciers of Spitsbergen, Svalbard.","ESSO-NCAOR, IIG-Mumbai, JNU-New Delhi",https://www.ncpor.res.in/arctics/display/391-projects-implemented
Summer Phase III,25-08-2016,26-09-2016,Functional diversity of Heterotrophic Bacteria in the water column and surfacial sediments of Kongsfjord with special reference to those involved in carbon cycle.,CUSAT,https://www.ncpor.res.in/arctics/display/391-projects-implemented
Summer Phase III,25-08-2016,26-09-2016,Understanding ice dynamics of the Arctic using data from Indian remote sensing satellites.,SAC,https://www.ncpor.res.in/arctics/display/391-projects-implemented
Summer Phase III,25-08-2016,26-09-2016,Monitoring of Arctic precipitation.,ESSO-NCAOR,https://www.ncpor.res.in/arctics/display/391-projects-implemented
Summer Phase III,25-08-2016,26-09-2016,Soft bottom Meiobenthic fauna as proxies of the Functional character of selected Arctic fjords,CUSAT,https://www.ncpor.res.in/arctics/display/391-projects-implemented
Summer Phase II,21-07-2016,22-08-2016,"Paleoenvironmental reconstructions of the Late Pleistocene deposits of Kongsfjorden in the Svalbard region, based on a multi-proxy approach.",1,https://www.ncpor.res.in/arctics/display/391-projects-implemented
Summer Phase II,21-07-2016,22-08-2016,Multi proxy study of late Quaternary Palaeoclimate with emphasis on marine and terrestrial palynomorphs.,2,https://www.ncpor.res.in/arctics/display/391-projects-implemented
Summer Phase II,21-07-2016,22-08-2016,"Quartemary climate change and sedimentation Pattern in,Ny-Ålesund area, Svalbard.",3,https://www.ncpor.res.in/arctics/display/391-projects-implemented
Summer Phase II,21-07-2016,22-08-2016,Primary productivity and Bio-optical studies for understanding dynamics Kongsfjorden andKrossfjorden fjord during summer.,4,https://www.ncpor.res.in/arctics/display/391-projects-implemented
Summer Phase II,21-07-2016,22-08-2016,Characterization of Polar Aerosols: Source processes and climate impacts.,5,https://www.ncpor.res.in/arctics/display/391-projects-implemented
Summer Phase II,21-07-2016,22-08-2016,"Sedimentological and Geochemical Investigations of surface and subsurface sediments from lakes, Krossfjorden and Kongsfjorden system, Svalbard- paleoclimatic implications.",6,https://www.ncpor.res.in/arctics/display/391-projects-implemented
Summer Phase I,13-06-2016,18-07-2016,Long term monitoring of Kongsfjorden system of Arctic region for climate change studies.,ESSO-NCAOR,https://www.ncpor.res.in/arctics/display/391-projects-implemented
Summer Phase I,13-06-2016,18-07-2016,Study of Zooplankton ecology and Planktonic food web dynamics in Kongsfjorden (using in-situ and satellite oceanography Techniques).,CMLRE,https://www.ncpor.res.in/arctics/display/391-projects-implemented
Summer Phase I,13-06-2016,18-07-2016,Biochemical Evaluation and Biomarker Characterization from Arctic Fjord Sediments.,Kerala University Of Fisheries and Ocean Studies,https://www.ncpor.res.in/arctics/display/391-projects-implemented
Summer Phase I,13-06-2016,18-07-2016,Monitoring of Arctic precipitation.,ESSO-NCAOR,https://www.ncpor.res.in/arctics/display/391-projects-implemented
Summer Phase I,13-06-2016,18-07-2016,"Long Term Environmental Monitoring of Fjord Ecosystems, Ny-Ålesund.",Mahatma Gandhi University,https://www.ncpor.res.in/arctics/display/391-projects-implemented
Summer Phase I,13-06-2016,18-07-2016,"Benthic Studies of Kongsfjorden, west coast of Spitsbergen, Svalbard.","Ravenshaw, Pondicherry and Andhra Universities",https://www.ncpor.res.in/arctics/display/391-projects-implemented
Summer Phase I,13-06-2016,18-07-2016,Impact of glacial runoff and associated Arctic freshening on Microbial community structure: A case study in Kongsfjorden,CUSAT,https://www.ncpor.res.in/arctics/display/391-projects-implemented
Winter Phase,13-06-2016,18-07-2016,"Mass balance and dynamics of selected glaciers of Spitsbergen, Svalbard","ESSO-NCAOR, IIG and JNU",https://www.ncpor.res.in/arctics/display/391-projects-implemented
Winter Phase,13-06-2016,18-07-2016,Monitoring of Arctic precipitation,ESSO-NCAOR,https://www.ncpor.res.in/arctics/display/391-projects-implemented
Winter Phase,13-06-2016,18-07-2016,Investigations of atmospheric aerosols and there characterization over the Arctic during summer season,SPL,https://www.ncpor.res.in/arctics/display/391-projects-implemented
Winter Phase,13-06-2016,18-07-2016,"Integrated monitoring of Vestre Broggerbreen Glacier, Svalbard, Arctic",GSI,https://www.ncpor.res.in/arctics/display/391-projects-implemented
Summer Phase IV,13-06-2016,18-07-2016,Long term monitoring of Kongsfjorden system of Arctic region for climate change studies,"ESSO-NCAOR, M.G. University, Bharathidasan University and St.Teresa’s College",https://www.ncpor.res.in/arctics/display/391-projects-implemented
Summer Phase IV,13-06-2016,18-07-2016,Investigations of atmospheric aerosols and there characterization over the Arctic during summer season,Space Physics Laboratory,https://www.ncpor.res.in/arctics/display/391-projects-implemented
Summer Phase IV,13-06-2016,18-07-2016,"Observation of halogenated trace gases, ozone and nitrogen dioxide in the Arctic boundary layer",NIT-Calicut,https://www.ncpor.res.in/arctics/display/391-projects-implemented
Summer Phase IV,13-06-2016,18-07-2016,Functional diversity of Heterotrophic Bacteria in the water column and surfacial sediments of Kongsfjord with special reference to those involved in carbon cycle,CUSAT,https://www.ncpor.res.in/arctics/display/391-projects-implemented
Summer Phase IV,13-06-2016,18-07-2016,"Benthic Studies of Kongsfjorden, west coast of Spitsbergen, Svalbard.","Ravenshaw University, Odisha",https://www.ncpor.res.in/arctics/display/391-projects-implemented
Summer Phase III,13-06-2016,18-07-2016,"Holocene climate change and sedimentation Pattern in , Ny-Ålesund area, Svalbard",GSI,https://www.ncpor.res.in/arctics/display/391-projects-implemented
Summer Phase III,13-06-2016,18-07-2016,"Mass balance and dynamics of selected glaciers of Spitsbergen , Svalbard","ESSO-NCAOR, IIG-Mumbai, JNU-New Delhi",https://www.ncpor.res.in/arctics/display/391-projects-implemented
Summer Phase III,13-06-2016,18-07-2016,"Integrated monitoring of vestre Broggerbreen glacier , Ny-Ålesund, Svalbard, Arctic",GSI,https://www.ncpor.res.in/arctics/display/391-projects-implemented
Summer Phase II,13-06-2016,18-07-2016,Monitoring of Arctic precipitation,ESSO-NCAOR,https://www.ncpor.res.in/arctics/display/391-projects-implemented
Summer Phase II,13-06-2016,18-07-2016,Exploring in situ spectra for characterization of glacier surfaces using multispectral imagery analysis to infer climate change,ESSO-NCAOR,https://www.ncpor.res.in/arctics/display/391-projects-implemented
Summer Phase II,13-06-2016,18-07-2016,Long term monitoring of Kongsfjorden system of Arctic region for climate change studies,"ESSO-NCAOR, M.G. University, Bharathidasan University and St.Teresa’s College",https://www.ncpor.res.in/arctics/display/391-projects-implemented
Summer Phase II,13-06-2016,18-07-2016,Study of Zooplankton ecology and Planktonic food web dynamics in Kongsfjorden.,CMLRE-MoES,https://www.ncpor.res.in/arctics/display/391-projects-implemented
Summer Phase I,13-06-2016,18-07-2016,Long term monitoring of Kongsfjorden system of Arctic region for climate change studies,"ESSO-NCAOR, M.G. University, Bharathidasan University, and St.Teresa’s College",https://www.ncpor.res.in/arctics/display/391-projects-implemented
Summer Phase I,13-06-2016,18-07-2016,Investigations of atmospheric aerosols and there characterization over the Arctic during summer season,Space Physics Laboratory,https://www.ncpor.res.in/arctics/display/391-projects-implemented
Summer Phase I,13-06-2016,18-07-2016,Arctic Viral communities.,CUSAT,https://www.ncpor.res.in/arctics/display/391-projects-implemented
Summer Phase I,13-06-2016,18-07-2016,Study of Zooplankton ecology and Planktonic food web dynamics in Kongsfjorden.,CMLRE-MoES,https://www.ncpor.res.in/arctics/display/391-projects-implemented
Summer Phase I,13-06-2016,18-07-2016,Community analysis of Meiobenthos and Genetic diversity of major functional groups in Arctic Kongsfjorden,CUSAT,https://www.ncpor.res.in/arctics/display/391-projects-implemented
Summer Phase IV,13-06-2016,18-07-2016,Investigations of atmospheric aerosols and there characterization over the Arctic during summer season,SPL,https://www.ncpor.res.in/arctics/display/391-projects-implemented
Summer Phase IV,13-06-2016,18-07-2016,Role of aerosols and precursor gases in direct radiative forcing over Arctic region at Ny-Ålesund,IITM,https://www.ncpor.res.in/arctics/display/391-projects-implemented
Summer Phase III,13-06-2016,18-07-2016,"Integrated monitoring of VestreBroggerbreen Glacier, Syalbard, Arctic",GSI and NCAOR,https://www.ncpor.res.in/arctics/display/391-projects-implemented
Summer Phase III,13-06-2016,18-07-2016,Study of macro and micro-structures in the ductile shear zones of the west Spitsbergen fold thrust belt with implications on the tectonic evolution of the Svalbard area of Arctic region- GSI,GSI,https://www.ncpor.res.in/arctics/display/391-projects-implemented
Summer Phase III,13-06-2016,18-07-2016,"Study of the mass balance and dynamics of the VestreBroggerbreen glaciers (VBG), Svalbard archipelago, Arctic using Global Positioning System (GPS) and Interferometric Synthetic Aperture Radar (InSAR) techniques",Indian Institute of Geomagnetism,https://www.ncpor.res.in/arctics/display/391-projects-implemented
Summer Phase III,13-06-2016,18-07-2016,Spectral remote sensing for cryosphere multispectral imagery analysis and characterization of glacier surfaces to infer climate change-,NCAOR,https://www.ncpor.res.in/arctics/display/391-projects-implemented
Summer Phase II,13-06-2016,18-07-2016,"Mercury geochemistry in the sediments of Kongsfjorden, Ny-Ålesund, Arctic",M.G. University,https://www.ncpor.res.in/arctics/display/391-projects-implemented
Summer Phase II,13-06-2016,18-07-2016,Monitoring of Arctic precipitation,NCAOR,https://www.ncpor.res.in/arctics/display/391-projects-implemented
Summer Phase II,13-06-2016,18-07-2016,Upgradation of established cryophilic microalgal repository and study of microalgal nitrogen and hydrogen cycle on their cryophilic acclimatization,Bharathidasan University,https://www.ncpor.res.in/arctics/display/391-projects-implemented
Summer Phase II,13-06-2016,18-07-2016,Establishment of bacterial biodiversity in Arctic soil: Biotechnological importance of novel Arctic bacterial species,University of Allahabad,https://www.ncpor.res.in/arctics/display/391-projects-implemented
Summer Phase II,13-06-2016,18-07-2016,"Investigation of dissolved as well as sedimentary forms of Organic matter in the Kongsfjorden, an Arctic fjord",St. Teresa’s College,https://www.ncpor.res.in/arctics/display/391-projects-implemented
Summer Phase II,13-06-2016,18-07-2016,Past climate variability from the Kongsfjorden sediments,NCAOR,https://www.ncpor.res.in/arctics/display/391-projects-implemented
Summer Phase I,13-06-2016,18-07-2016,Long term monitoring of Kongsfjorden system of Arctic region for climate change studies,NCAOR,https://www.ncpor.res.in/arctics/display/391-projects-implemented
Summer Phase I,13-06-2016,18-07-2016,Investigations of atmospheric aerosols and there characterization over the Arctic during summer season,Space Physics Laboratory,https://www.ncpor.res.in/arctics/display/391-projects-implemented
Summer Phase I,13-06-2016,18-07-2016,Crustal Deformation studies in the Arctic,Manipur University,https://www.ncpor.res.in/arctics/display/391-projects-implemented
Summer Phase I,13-06-2016,18-07-2016,Assessment of POP and Hg in Arctic ecosystem,NCAOR,https://www.ncpor.res.in/arctics/display/391-projects-implemented
Summer Phase I,13-06-2016,18-07-2016,"Abundance, community structure and diversity of benthic heterotrophic bacterial population in Kongsfjorden",Cochin University of Science and Technology,https://www.ncpor.res.in/arctics/display/391-projects-implemented
Summer Phase I,13-06-2016,18-07-2016,"Investigation of dissolved as well as sedimentary forms of Organic matter in the Kongsfjorden, an Arctic fjord",St. Teresa’s College,https://www.ncpor.res.in/arctics/display/391-projects-implemented
Summer Phase IV,13-06-2016,18-07-2016,Role of Aerosols and precursor gases in direct radiative forcing over Arctic region at Ny=Alseund,IITM,https://www.ncpor.res.in/arctics/display/391-projects-implemented
Summer Phase IV,13-06-2016,18-07-2016,Monitoring of Arctic precipitation,NCAOR,https://www.ncpor.res.in/arctics/display/391-projects-implemented
Summer Phase IV,13-06-2016,18-07-2016,Investigation of atmospheric aerosols and there characterization over the Arctic during summer seasons,SPL,https://www.ncpor.res.in/arctics/display/391-projects-implemented
Summer Phase III,13-06-2016,18-07-2016,Long term monitoring of Kongsfjorden system of Arctic region for climate change studies,NCAOR,https://www.ncpor.res.in/arctics/display/391-projects-implemented
Summer Phase III,13-06-2016,18-07-2016,"Integrated monitoring of VestreBroggerbreen Glacier, Syalbard, Arctic",NCAOR,https://www.ncpor.res.in/arctics/display/391-projects-implemented
Summer Phase III,13-06-2016,18-07-2016,Parameterization of Glaciers in Northern hemisphere to variations of climate-inter annual and intra annual,GSI,https://www.ncpor.res.in/arctics/display/391-projects-implemented
Summer Phase III,13-06-2016,18-07-2016,Study of marco and micro-structures in the ductile shear zones of the west Spitsbergen fold belt with implications on the tectonic evolution of the Svalbard area of Arctic region,GSI,https://www.ncpor.res.in/arctics/display/391-projects-implemented
Summer Phase III,13-06-2016,18-07-2016,"Mercury geochemistry in the sediments of Kongsfjorden, Ny- Alseund, Arctic",Mahatma Gandhi University,https://www.ncpor.res.in/arctics/display/391-projects-implemented
Summer Phase II,13-06-2016,18-07-2016,Long term monitoring of Kongsfjorden system of Arctic region for climate change studies,NCAOR,https://www.ncpor.res.in/arctics/display/391-projects-implemented
Summer Phase II,13-06-2016,18-07-2016,"Study of the mass balance and dynamic of the AustreBroggerbreen , VestreBroggerbreen and MdreLovenbreen Glaciers of , Svallbard archipelago, Arctic using Global Positioning system (GPSO and interferometric Synthetic Aperture Radar (InSAR), techniques",IIG,https://www.ncpor.res.in/arctics/display/391-projects-implemented
Summer Phase II,13-06-2016,18-07-2016,"Mercury geochemistry in the sediments of Kongsfjorden, NyAlseund, Arctic",Mahatma Gandhi University,https://www.ncpor.res.in/arctics/display/391-projects-implemented
Summer Phase I,13-06-2016,18-07-2016,Long term monitoring of Kongsfjorden system of Arctic region for climate change studies,NCAOR,https://www.ncpor.res.in/arctics/display/391-projects-implemented
Summer Phase I,13-06-2016,18-07-2016,Investigation of atmospheric aerosols and there characterization over the Arctic during summer season,SPL,https://www.ncpor.res.in/arctics/display/391-projects-implemented
Summer Phase I,13-06-2016,18-07-2016,Crustal deformation studies in the Arctic,Manipur University,https://www.ncpor.res.in/arctics/display/391-projects-implemented
Summer Phase I,13-06-2016,18-07-2016,Quantifying variability in freshwater influx to the Kongsfjorden systems using oxygen isotopes of seawater: implications to the ice melting,NCAOR,https://www.ncpor.res.in/arctics/display/391-projects-implemented
Summer Phase IV,13-06-2016,18-07-2016,Long term monitoring of Kongsfjorden system of Arctic region for climate change studies,NCAOR,https://www.ncpor.res.in/arctics/display/391-projects-implemented
Summer Phase IV,13-06-2016,18-07-2016,Investigations of atmospheric aerosols and there characterization over the Arctic during summer season,Space Physics Laboratory,https://www.ncpor.res.in/arctics/display/391-projects-implemented
Summer Phase IV,13-06-2016,18-07-2016,Monitoring of Arctic precipitation,NCAOR,https://www.ncpor.res.in/arctics/display/391-projects-implemented
Summer Phase III,13-06-2016,18-07-2016,Long term monitoring of Kongsfjorden system of Arctic region for climate change studies,NCAOR,https://www.ncpor.res.in/arctics/display/391-projects-implemented
Summer Phase III,13-06-2016,18-07-2016,"Integrated monitoring of VestreBroggerbreen Glacier, Svalbard, Arctic",NCAOR & GSI,https://www.ncpor.res.in/arctics/display/391-projects-implemented
Summer Phase II,13-06-2016,18-07-2016,Long term monitoring of Kongsfjorden system of Arctic region for climate change studies,NCAOR,https://www.ncpor.res.in/arctics/display/391-projects-implemented
Summer Phase II,13-06-2016,18-07-2016,Role of Aerosols and precursor gases in direct radiative forcing over Arctic region at Ny-Ålesund,IITM,https://www.ncpor.res.in/arctics/display/391-projects-implemented
Summer Phase II,13-06-2016,18-07-2016,Crustal Deformation studies in the Arctic,Manipur University,https://www.ncpor.res.in/arctics/display/391-projects-implemented
Summer Phase II,13-06-2016,18-07-2016,"Assessment of Persistent Organic Pollutants (POPs) in the Ny-Ålesund, Arctic",NCAOR,https://www.ncpor.res.in/arctics/display/391-projects-implemented
Summer Phase II,13-06-2016,18-07-2016,Multi-proxy study of Quaternary Palaeoclimate with emphasis on terrestrial and marine palynomorphs,BirbalSahni Institute of Palaeobotany,https://www.ncpor.res.in/arctics/display/391-projects-implemented
Summer Phase I,13-06-2016,18-07-2016,Long term monitoring of Kongsfjorden system of Arctic region for climate change studies,NCAOR,https://www.ncpor.res.in/arctics/display/391-projects-implemented
Summer Phase I,13-06-2016,18-07-2016,Quantifying variability in freshwater influx to the Kongsfjorden system using oxygen isotopes of seawater: Implications to the ice melting,NCAOR,https://www.ncpor.res.in/arctics/display/391-projects-implemented
Summer Phase IV,13-06-2016,18-07-2016,Long term monitoring of Kongsfjorden system of Arctic region for climate change studies,NCAOR &NIO,https://www.ncpor.res.in/arctics/display/391-projects-implemented
Summer Phase IV,13-06-2016,18-07-2016,Curstal Deformation studies in the Arctic,Manipur University,https://www.ncpor.res.in/arctics/display/391-projects-implemented
Summer Phase IV,13-06-2016,18-07-2016,Investigations of atmospheric aerosols and there characterization over the Arctic during summer season,SPL,https://www.ncpor.res.in/arctics/display/391-projects-implemented
Summer Phase IV,13-06-2016,18-07-2016,Parameterization of glaciers in Northern Hemisphere to variations of climate-Inter annual and intra annual (Glaciological studies),"GSI,JNU and NCAOR",https://www.ncpor.res.in/arctics/display/391-projects-implemented
Summer Phase III,13-06-2016,18-07-2016,Long term monitoring of Kongsfjorden system of Arctic region for climate change studies,NCAOR & NIO,https://www.ncpor.res.in/arctics/display/391-projects-implemented
Summer Phase III,13-06-2016,18-07-2016,Multi-proxy geological studies in Svalbard area and surrounding ocean implications to Quaternary paleoclimate,BSIP,https://www.ncpor.res.in/arctics/display/391-projects-implemented
Summer Phase III,13-06-2016,18-07-2016,Community diversity and phylogeny of benthic nematodes in Arctic systems,CUSAT,https://www.ncpor.res.in/arctics/display/391-projects-implemented
Summer Phase III,13-06-2016,18-07-2016,Role of Aerosols and precursor gases in direct radiative forcing over Arctic region at Ny-Alesund,IITM,https://www.ncpor.res.in/arctics/display/391-projects-implemented
Summer Phase II,13-06-2016,18-07-2016,Diversity of Arctic Cyanobacteria,CCMB,https://www.ncpor.res.in/arctics/display/391-projects-implemented
Summer Phase II,13-06-2016,18-07-2016,Role of Aerosols and precursor gases in direct radiative forcing over Arctic region at Ny-Alesund,IITM,https://www.ncpor.res.in/arctics/display/391-projects-implemented
Summer Phase II,13-06-2016,18-07-2016,Investigations of atmospheric aerosols and there characterization over the Arctic during summer season,SPL,https://www.ncpor.res.in/arctics/display/391-projects-implemented
Summer Phase II,13-06-2016,18-07-2016,Diversity of heterotrophic bacteria in arctic water and sediment with special reference to phosphate solubilizers,CUSAT,https://www.ncpor.res.in/arctics/display/391-projects-implemented
Summer Phase II,13-06-2016,18-07-2016,Establishment of cryophilic cyanobacteria and eukaryotic microalgae culture collection and exploration of the possible biotechnological potentials,Bharathidasan University,https://www.ncpor.res.in/arctics/display/391-projects-implemented
Summer Phase I,13-06-2016,18-07-2016,Long term monitoring of Kongsfjorden system of Arctic region for climate change studies,NCAOR & NIO,https://www.ncpor.res.in/arctics/display/391-projects-implemented
Summer Phase II,13-06-2016,18-07-2016,Long term monitoring of Kongsfjorden system of Arctic region for climate change studies,NCAOR & NIO,https://www.ncpor.res.in/arctics/display/391-projects-implemented
