title,category,image_url,source_url
Arctic Home,Arctic Home,https://www.ncpor.res.in/upload/banners/big/Arctic.JPG,https://www.ncpor.res.in/arctics
Arctic Home,Arctic Home,https://www.ncpor.res.in/upload/banners/big/IMG_0195.JPG,https://www.ncpor.res.in/arctics
Arctic Home,Arctic Home,https://www.ncpor.res.in/upload/banners/big/DSC01257.JPG,https://www.ncpor.res.in/arctics
Arctic Home,Arctic Home,https://www.ncpor.res.in/upload/banners/big/100_1641.JPG,https://www.ncpor.res.in/arctics
Arctic Home,Arctic Home,https://www.ncpor.res.in/upload/banners/big/DSC01713.JPG,https://www.ncpor.res.in/arctics
IndARC,IndARC,https://www.ncpor.res.in/files/Arctic web update pictures/IndARC2015.jpg,https://www.ncpor.res.in/arctics/display/398-indarc
IndARC,IndARC,https://www.ncpor.res.in/files/Arctic web update pictures/IndARC2015-2.jpg,https://www.ncpor.res.in/arctics/display/398-indarc
IndARC,IndARC,https://www.ncpor.res.in/files/Arctic web update pictures/IndARC.png,https://www.ncpor.res.in/arctics/display/398-indarc
Cryosphere,Cryosphere,https://www.ncpor.res.in/files/Arctic web update pictures/Cryosphere-1.jpg,https://www.ncpor.res.in/arctics/display/399-cryosphere
Cryosphere,Cryosphere,https://www.ncpor.res.in/files/Arctic web update pictures/Cryosphere-2.jpg,https://www.ncpor.res.in/arctics/display/399-cryosphere
Cryosphere,Cryosphere,https://www.ncpor.res.in/files/Arctic web update pictures/Cryosphere-3.jpg,https://www.ncpor.res.in/arctics/display/399-cryosphere
Atmospheric Studies,Atmospheric Studies,https://www.ncpor.res.in/files/Arctic web update pictures/Atmosphere-1.png,https://www.ncpor.res.in/arctics/display/400-atmospheric-studies
